{
  "cuisine": {
    "precision": 1.0,
    "recall": 1.0,
    "f1-score": 1.0,
    "support": 29
  },
  "email": {
    "precision": 1.0,
    "recall": 1.0,
    "f1-score": 1.0,
    "support": 10
  },
  "price": {
    "precision": 1.0,
    "recall": 1.0,
    "f1-score": 1.0,
    "support": 27
  },
  "location": {
    "precision": 1.0,
    "recall": 1.0,
    "f1-score": 1.0,
    "support": 39
  },
  "micro avg": {
    "precision": 1.0,
    "recall": 1.0,
    "f1-score": 1.0,
    "support": 105
  },
  "macro avg": {
    "precision": 1.0,
    "recall": 1.0,
    "f1-score": 1.0,
    "support": 105
  },
  "weighted avg": {
    "precision": 1.0,
    "recall": 1.0,
    "f1-score": 1.0,
    "support": 105
  }
}