{
  "email_affirm": {
    "precision": 0.8888888888888888,
    "recall": 0.8,
    "f1-score": 0.8421052631578948,
    "support": 10,
    "confused_with": {
      "affirm": 2
    }
  },
  "goodbye": {
    "precision": 1.0,
    "recall": 1.0,
    "f1-score": 1.0,
    "support": 4,
    "confused_with": {}
  },
  "affirm": {
    "precision": 0.9574468085106383,
    "recall": 0.9782608695652174,
    "f1-score": 0.967741935483871,
    "support": 46,
    "confused_with": {
      "email_affirm": 1
    }
  },
  "low": {
    "precision": 0.0,
    "recall": 0.0,
    "f1-score": 0.0,
    "support": 1,
    "confused_with": {
      "restaurant_search": 1
    }
  },
  "greet": {
    "precision": 1.0,
    "recall": 1.0,
    "f1-score": 1.0,
    "support": 9,
    "confused_with": {}
  },
  "default": {
    "precision": 1.0,
    "recall": 1.0,
    "f1-score": 1.0,
    "support": 2,
    "confused_with": {}
  },
  "restaurant_search": {
    "precision": 0.9577464788732394,
    "recall": 1.0,
    "f1-score": 0.9784172661870503,
    "support": 68,
    "confused_with": {}
  },
  "emailID": {
    "precision": 1.0,
    "recall": 1.0,
    "f1-score": 1.0,
    "support": 5,
    "confused_with": {}
  },
  "mid": {
    "precision": 0.0,
    "recall": 0.0,
    "f1-score": 0.0,
    "support": 1,
    "confused_with": {
      "restaurant_search": 1
    }
  },
  "high": {
    "precision": 0.0,
    "recall": 0.0,
    "f1-score": 0.0,
    "support": 1,
    "confused_with": {
      "restaurant_search": 1
    }
  },
  "email_deny": {
    "precision": 1.0,
    "recall": 1.0,
    "f1-score": 1.0,
    "support": 4,
    "confused_with": {}
  },
  "accuracy": 0.9602649006622517,
  "macro avg": {
    "precision": 0.709462016024797,
    "recall": 0.7071146245059289,
    "f1-score": 0.7080240422571651,
    "support": 151
  },
  "weighted avg": {
    "precision": 0.9407827989652883,
    "recall": 0.9602649006622517,
    "f1-score": 0.950129508374546,
    "support": 151
  }
}